1,	218,	1464,	12.960760998810938
2,	41,	1641,	2.4375743162901307
3,	38,	1644,	2.2592152199762188
4,	18,	1664,	1.070154577883472
5,	131,	1551,	7.788347205707491
6,	155,	1527,	9.215219976218787
7,	310,	1372,	18.430439952437574
8,	46,	1636,	2.7348394768133173
9,	16,	1666,	0.9512485136741973
10,	142,	1540,	8.442330558858501
11,	134,	1548,	7.966706302021404
12,	40,	1642,	2.3781212841854935
13,	483,	1199,	28.715814506539832
14,	81,	1601,	4.815695600475625
15,	65,	1617,	3.864447086801427
16,	107,	1575,	6.361474435196195
17,	22,	1660,	1.3079667063020213
18,	204,	1478,	12.128418549346016
19,	13,	1669,	0.7728894173602854
20,	35,	1647,	2.080856123662307
21,	131,	1551,	7.788347205707491
22,	93,	1589,	5.529131985731272
23,	108,	1574,	6.4209274673008325
24,	46,	1636,	2.7348394768133173
25,	65,	1617,	3.864447086801427
26,	78,	1604,	4.637336504161712
27,	19,	1663,	1.1296076099881094
28,	62,	1620,	3.686087990487515
29,	28,	1654,	1.6646848989298455
30,	33,	1649,	1.9619500594530321
31,	26,	1656,	1.5457788347205708
32,	28,	1654,	1.6646848989298455
33,	17,	1665,	1.0107015457788349
34,	16,	1666,	0.9512485136741973
35,	16,	1666,	0.9512485136741973
36,	12,	1670,	0.713436385255648
37,	40,	1642,	2.3781212841854935
38,	96,	1586,	5.707491082045184
39,	18,	1664,	1.070154577883472
40,	26,	1656,	1.5457788347205708
41,	41,	1641,	2.4375743162901307
42,	144,	1538,	8.561236623067776
43,	170,	1512,	10.107015457788346
44,	115,	1567,	6.837098692033294
45,	38,	1644,	2.2592152199762188
46,	24,	1658,	1.426872770511296
47,	20,	1662,	1.1890606420927468
48,	47,	1635,	2.794292508917955
49,	177,	1505,	10.523186682520809
50,	17,	1665,	1.0107015457788349
51,	18,	1664,	1.070154577883472
52,	36,	1646,	2.140309155766944
53,	19,	1663,	1.1296076099881094
54,	47,	1635,	2.794292508917955
55,	17,	1665,	1.0107015457788349
56,	150,	1532,	8.9179548156956
57,	78,	1604,	4.637336504161712
58,	118,	1564,	7.015457788347206
59,	281,	1401,	16.70630202140309
60,	143,	1539,	8.50178359096314
61,	16,	1666,	0.9512485136741973
62,	177,	1505,	10.523186682520809
63,	76,	1606,	4.5184304399524375
64,	145,	1537,	8.620689655172415
65,	59,	1623,	3.507728894173603
66,	27,	1655,	1.6052318668252081
67,	26,	1656,	1.5457788347205708
68,	25,	1657,	1.4863258026159334
69,	45,	1637,	2.67538644470868
70,	101,	1581,	6.004756242568371
71,	29,	1653,	1.7241379310344827
72,	105,	1577,	6.24256837098692
73,	50,	1632,	2.972651605231867
74,	32,	1650,	1.9024970273483945
75,	52,	1630,	3.0915576694411415
76,	60,	1622,	3.56718192627824
77,	56,	1626,	3.329369797859691
78,	16,	1666,	0.9512485136741973
79,	44,	1638,	2.6159334126040426
80,	24,	1658,	1.426872770511296
81,	43,	1639,	2.5564803804994054
82,	132,	1550,	7.8478002378121285
83,	114,	1568,	6.777645659928656
84,	46,	1636,	2.7348394768133173
85,	211,	1471,	12.544589774078476
86,	19,	1663,	1.1296076099881094
87,	157,	1525,	9.334126040428062
88,	15,	1667,	0.89179548156956
89,	58,	1624,	3.4482758620689653
90,	225,	1457,	13.3769322235434
91,	75,	1607,	4.4589774078478
92,	302,	1380,	17.954815695600477
93,	16,	1666,	0.9512485136741973
94,	297,	1385,	17.657550535077288
95,	198,	1484,	11.771700356718192
96,	39,	1643,	2.318668252080856
97,	45,	1637,	2.67538644470868
98,	19,	1663,	1.1296076099881094
99,	105,	1577,	6.24256837098692
100,	44,	1638,	2.6159334126040426
101,	52,	1630,	3.0915576694411415
102,	166,	1516,	9.869203329369798
103,	21,	1661,	1.2485136741973841
104,	78,	1604,	4.637336504161712
105,	12,	1670,	0.713436385255648
106,	52,	1630,	3.0915576694411415
107,	16,	1666,	0.9512485136741973
108,	23,	1659,	1.3674197384066586
109,	174,	1508,	10.344827586206897
110,	91,	1591,	5.410225921521997
111,	21,	1661,	1.2485136741973841
112,	37,	1645,	2.199762187871581
113,	39,	1643,	2.318668252080856
114,	33,	1649,	1.9619500594530321
115,	72,	1610,	4.280618311533888
116,	106,	1576,	6.302021403091558
117,	69,	1613,	4.102259215219976
118,	44,	1638,	2.6159334126040426
119,	139,	1543,	8.263971462544589
120,	18,	1664,	1.070154577883472
121,	56,	1626,	3.329369797859691
122,	48,	1634,	2.853745541022592
123,	37,	1645,	2.199762187871581
124,	15,	1667,	0.89179548156956
125,	139,	1543,	8.263971462544589
126,	34,	1648,	2.0214030915576697
127,	18,	1664,	1.070154577883472
128,	134,	1548,	7.966706302021404
129,	25,	1657,	1.4863258026159334
130,	265,	1417,	15.755053507728894
131,	24,	1658,	1.426872770511296
132,	15,	1667,	0.89179548156956
133,	20,	1662,	1.1890606420927468
134,	22,	1660,	1.3079667063020213
135,	48,	1634,	2.853745541022592
136,	22,	1660,	1.3079667063020213
137,	32,	1650,	1.9024970273483945
138,	35,	1647,	2.080856123662307
139,	18,	1664,	1.070154577883472
140,	18,	1664,	1.070154577883472
141,	75,	1607,	4.4589774078478
142,	26,	1656,	1.5457788347205708
143,	16,	1666,	0.9512485136741973
144,	149,	1533,	8.858501783590963
145,	231,	1451,	13.733650416171225
146,	23,	1659,	1.3674197384066586
147,	16,	1666,	0.9512485136741973
148,	55,	1627,	3.2699167657550534
149,	28,	1654,	1.6646848989298455
150,	28,	1654,	1.6646848989298455
151,	220,	1462,	13.079667063020214
152,	74,	1608,	4.399524375743162
153,	19,	1663,	1.1296076099881094
154,	40,	1642,	2.3781212841854935
155,	19,	1663,	1.1296076099881094
156,	31,	1651,	1.8430439952437574
157,	34,	1648,	2.0214030915576697
158,	133,	1549,	7.907253269916765
159,	86,	1596,	5.112960760998811
160,	88,	1594,	5.231866825208085
161,	44,	1638,	2.6159334126040426
162,	34,	1648,	2.0214030915576697
163,	16,	1666,	0.9512485136741973
164,	47,	1635,	2.794292508917955
165,	25,	1657,	1.4863258026159334
166,	15,	1667,	0.89179548156956
167,	57,	1625,	3.388822829964328
168,	56,	1626,	3.329369797859691
169,	26,	1656,	1.5457788347205708
170,	13,	1669,	0.7728894173602854
171,	22,	1660,	1.3079667063020213
172,	24,	1658,	1.426872770511296
173,	33,	1649,	1.9619500594530321
174,	133,	1549,	7.907253269916765
175,	28,	1654,	1.6646848989298455
176,	48,	1634,	2.853745541022592
177,	83,	1599,	4.934601664684899
178,	199,	1483,	11.831153388822829
179,	33,	1649,	1.9619500594530321
180,	47,	1635,	2.794292508917955
181,	342,	1340,	20.332936979785966
182,	21,	1661,	1.2485136741973841
183,	40,	1642,	2.3781212841854935
184,	188,	1494,	11.17717003567182
185,	38,	1644,	2.2592152199762188
186,	71,	1611,	4.2211652794292505
187,	42,	1640,	2.4970273483947683
188,	88,	1594,	5.231866825208085
189,	143,	1539,	8.50178359096314
190,	41,	1641,	2.4375743162901307
191,	22,	1660,	1.3079667063020213
192,	31,	1651,	1.8430439952437574
193,	84,	1598,	4.9940546967895365
194,	220,	1462,	13.079667063020214
195,	66,	1616,	3.9239001189060643
196,	29,	1653,	1.7241379310344827
197,	92,	1590,	5.469678953626635
198,	137,	1545,	8.145065398335314
199,	32,	1650,	1.9024970273483945
200,	159,	1523,	9.453032104637336
201,	297,	1385,	17.657550535077288
202,	13,	1669,	0.7728894173602854
203,	33,	1649,	1.9619500594530321
204,	34,	1648,	2.0214030915576697
205,	16,	1666,	0.9512485136741973
206,	47,	1635,	2.794292508917955
207,	171,	1511,	10.166468489892983
208,	26,	1656,	1.5457788347205708
209,	27,	1655,	1.6052318668252081
210,	95,	1587,	5.648038049940547
211,	29,	1653,	1.7241379310344827
212,	19,	1663,	1.1296076099881094
213,	90,	1592,	5.35077288941736
214,	90,	1592,	5.35077288941736
215,	66,	1616,	3.9239001189060643
216,	102,	1580,	6.064209274673008
217,	57,	1625,	3.388822829964328
218,	39,	1643,	2.318668252080856
219,	20,	1662,	1.1890606420927468
220,	16,	1666,	0.9512485136741973
221,	107,	1575,	6.361474435196195
222,	299,	1383,	17.776456599286565
223,	85,	1597,	5.053507728894173
224,	113,	1569,	6.718192627824019
225,	23,	1659,	1.3674197384066586
226,	33,	1649,	1.9619500594530321
227,	40,	1642,	2.3781212841854935
228,	18,	1664,	1.070154577883472
229,	23,	1659,	1.3674197384066586
230,	100,	1582,	5.945303210463734
231,	17,	1665,	1.0107015457788349
232,	74,	1608,	4.399524375743162
233,	80,	1602,	4.756242568370987
234,	367,	1315,	21.819262782401903
235,	71,	1611,	4.2211652794292505
236,	92,	1590,	5.469678953626635
237,	32,	1650,	1.9024970273483945
238,	23,	1659,	1.3674197384066586
239,	123,	1559,	7.312722948870393
240,	21,	1661,	1.2485136741973841
241,	18,	1664,	1.070154577883472
242,	16,	1666,	0.9512485136741973
243,	61,	1621,	3.626634958382877
244,	182,	1500,	10.820451843043994
245,	17,	1665,	1.0107015457788349
246,	137,	1545,	8.145065398335314
247,	22,	1660,	1.3079667063020213
248,	50,	1632,	2.972651605231867
249,	113,	1569,	6.718192627824019
250,	95,	1587,	5.648038049940547
251,	52,	1630,	3.0915576694411415
252,	16,	1666,	0.9512485136741973
253,	64,	1618,	3.804994054696789
254,	115,	1567,	6.837098692033294
255,	61,	1621,	3.626634958382877
256,	154,	1528,	9.155766944114148
257,	42,	1640,	2.4970273483947683
258,	21,	1661,	1.2485136741973841
259,	35,	1647,	2.080856123662307
260,	20,	1662,	1.1890606420927468
261,	21,	1661,	1.2485136741973841
262,	122,	1560,	7.253269916765754
263,	93,	1589,	5.529131985731272
264,	82,	1600,	4.875148632580261
265,	37,	1645,	2.199762187871581
266,	17,	1665,	1.0107015457788349
267,	138,	1544,	8.204518430439952
268,	249,	1433,	14.803804994054698
269,	243,	1439,	14.447086801426872
270,	102,	1580,	6.064209274673008
271,	206,	1476,	12.247324613555291
272,	35,	1647,	2.080856123662307
273,	18,	1664,	1.070154577883472
274,	49,	1633,	2.9131985731272296
275,	75,	1607,	4.4589774078478
276,	394,	1288,	23.42449464922711
277,	37,	1645,	2.199762187871581
278,	14,	1668,	0.8323424494649228
279,	337,	1345,	20.03567181926278
280,	190,	1492,	11.296076099881095
281,	18,	1664,	1.070154577883472
282,	16,	1666,	0.9512485136741973
283,	37,	1645,	2.199762187871581
284,	33,	1649,	1.9619500594530321
285,	27,	1655,	1.6052318668252081
286,	218,	1464,	12.960760998810938
287,	50,	1632,	2.972651605231867
288,	54,	1628,	3.2104637336504163
289,	22,	1660,	1.3079667063020213
290,	120,	1562,	7.13436385255648
291,	226,	1456,	13.436385255648037
292,	100,	1582,	5.945303210463734
293,	290,	1392,	17.24137931034483
294,	121,	1561,	7.193816884661118
295,	148,	1534,	8.799048751486325
296,	120,	1562,	7.13436385255648
297,	150,	1532,	8.9179548156956
298,	94,	1588,	5.58858501783591
299,	212,	1470,	12.604042806183116
300,	16,	1666,	0.9512485136741973
301,	208,	1474,	12.366230677764566
302,	18,	1664,	1.070154577883472
303,	372,	1310,	22.11652794292509
304,	18,	1664,	1.070154577883472
305,	172,	1510,	10.225921521997622
306,	28,	1654,	1.6646848989298455
307,	88,	1594,	5.231866825208085
308,	291,	1391,	17.300832342449464
309,	14,	1668,	0.8323424494649228
310,	20,	1662,	1.1890606420927468
311,	219,	1463,	13.020214030915579
312,	159,	1523,	9.453032104637336
313,	192,	1490,	11.414982164090368
314,	183,	1499,	10.879904875148632
315,	67,	1615,	3.983353151010702
316,	55,	1627,	3.2699167657550534
317,	14,	1668,	0.8323424494649228
318,	130,	1552,	7.728894173602854
319,	14,	1668,	0.8323424494649228
320,	112,	1570,	6.658739595719382
321,	92,	1590,	5.469678953626635
322,	36,	1646,	2.140309155766944
323,	71,	1611,	4.2211652794292505
324,	45,	1637,	2.67538644470868
325,	105,	1577,	6.24256837098692
326,	140,	1542,	8.323424494649228
327,	196,	1486,	11.652794292508919
328,	215,	1467,	12.782401902497028
329,	48,	1634,	2.853745541022592
330,	105,	1577,	6.24256837098692
331,	51,	1631,	3.032104637336504
332,	139,	1543,	8.263971462544589
333,	18,	1664,	1.070154577883472
334,	234,	1448,	13.912009512485138
335,	11,	1671,	0.6539833531510106
336,	89,	1593,	5.291319857312723
337,	22,	1660,	1.3079667063020213
338,	55,	1627,	3.2699167657550534
339,	168,	1514,	9.988109393579073
340,	32,	1650,	1.9024970273483945
341,	17,	1665,	1.0107015457788349
342,	144,	1538,	8.561236623067776
343,	166,	1516,	9.869203329369798
344,	147,	1535,	8.73959571938169
345,	182,	1500,	10.820451843043994
346,	120,	1562,	7.13436385255648
347,	145,	1537,	8.620689655172415
348,	38,	1644,	2.2592152199762188
349,	30,	1652,	1.78359096313912
350,	37,	1645,	2.199762187871581
351,	24,	1658,	1.426872770511296
352,	27,	1655,	1.6052318668252081
353,	18,	1664,	1.070154577883472
354,	163,	1519,	9.690844233055886
355,	18,	1664,	1.070154577883472
356,	15,	1667,	0.89179548156956
357,	48,	1634,	2.853745541022592
358,	27,	1655,	1.6052318668252081
359,	19,	1663,	1.1296076099881094
360,	71,	1611,	4.2211652794292505
361,	79,	1603,	4.69678953626635
362,	17,	1665,	1.0107015457788349
363,	214,	1468,	12.72294887039239
364,	13,	1669,	0.7728894173602854
365,	39,	1643,	2.318668252080856
366,	25,	1657,	1.4863258026159334
367,	42,	1640,	2.4970273483947683
368,	31,	1651,	1.8430439952437574
369,	13,	1669,	0.7728894173602854
370,	49,	1633,	2.9131985731272296
371,	32,	1650,	1.9024970273483945
372,	52,	1630,	3.0915576694411415
373,	156,	1526,	9.274673008323424
374,	195,	1487,	11.59334126040428
375,	20,	1662,	1.1890606420927468
376,	18,	1664,	1.070154577883472
377,	25,	1657,	1.4863258026159334
378,	257,	1425,	15.279429250891797
379,	138,	1544,	8.204518430439952
380,	105,	1577,	6.24256837098692
381,	77,	1605,	4.577883472057074
382,	38,	1644,	2.2592152199762188
383,	49,	1633,	2.9131985731272296
384,	12,	1670,	0.713436385255648
385,	178,	1504,	10.582639714625445
386,	15,	1667,	0.89179548156956
387,	208,	1474,	12.366230677764566
388,	39,	1643,	2.318668252080856
389,	189,	1493,	11.236623067776456
390,	22,	1660,	1.3079667063020213
391,	80,	1602,	4.756242568370987
392,	76,	1606,	4.5184304399524375
393,	324,	1358,	19.2627824019025
394,	90,	1592,	5.35077288941736
395,	41,	1641,	2.4375743162901307
396,	34,	1648,	2.0214030915576697
397,	74,	1608,	4.399524375743162
398,	124,	1558,	7.37217598097503
399,	205,	1477,	12.187871581450654
400,	13,	1669,	0.7728894173602854
401,	97,	1585,	5.766944114149822
402,	43,	1639,	2.5564803804994054
403,	28,	1654,	1.6646848989298455
404,	24,	1658,	1.426872770511296
405,	469,	1213,	27.88347205707491
406,	224,	1458,	13.317479191438764
407,	144,	1538,	8.561236623067776
408,	17,	1665,	1.0107015457788349
409,	139,	1543,	8.263971462544589
410,	16,	1666,	0.9512485136741973
411,	36,	1646,	2.140309155766944
412,	33,	1649,	1.9619500594530321
413,	34,	1648,	2.0214030915576697
414,	17,	1665,	1.0107015457788349
415,	14,	1668,	0.8323424494649228
416,	278,	1404,	16.527942925089178
417,	206,	1476,	12.247324613555291
418,	13,	1669,	0.7728894173602854
419,	20,	1662,	1.1890606420927468
420,	25,	1657,	1.4863258026159334
421,	33,	1649,	1.9619500594530321
422,	57,	1625,	3.388822829964328
423,	42,	1640,	2.4970273483947683
424,	31,	1651,	1.8430439952437574
425,	119,	1563,	7.074910820451843
426,	57,	1625,	3.388822829964328
427,	19,	1663,	1.1296076099881094
428,	32,	1650,	1.9024970273483945
429,	259,	1423,	15.39833531510107
430,	34,	1648,	2.0214030915576697
431,	10,	1672,	0.5945303210463734
432,	39,	1643,	2.318668252080856
433,	19,	1663,	1.1296076099881094
434,	26,	1656,	1.5457788347205708
435,	223,	1459,	13.258026159334127
436,	93,	1589,	5.529131985731272
437,	148,	1534,	8.799048751486325
438,	18,	1664,	1.070154577883472
439,	16,	1666,	0.9512485136741973
440,	32,	1650,	1.9024970273483945
441,	10,	1672,	0.5945303210463734
442,	88,	1594,	5.231866825208085
443,	17,	1665,	1.0107015457788349
444,	13,	1669,	0.7728894173602854
445,	85,	1597,	5.053507728894173
446,	13,	1669,	0.7728894173602854
447,	85,	1597,	5.053507728894173
448,	19,	1663,	1.1296076099881094
449,	39,	1643,	2.318668252080856
450,	319,	1363,	18.96551724137931
451,	59,	1623,	3.507728894173603
452,	123,	1559,	7.312722948870393
453,	92,	1590,	5.469678953626635
454,	127,	1555,	7.5505350772889415
455,	99,	1583,	5.885850178359096
456,	107,	1575,	6.361474435196195
457,	156,	1526,	9.274673008323424
458,	109,	1573,	6.480380499405469
459,	60,	1622,	3.56718192627824
460,	39,	1643,	2.318668252080856
461,	12,	1670,	0.713436385255648
462,	22,	1660,	1.3079667063020213
463,	74,	1608,	4.399524375743162
464,	29,	1653,	1.7241379310344827
465,	38,	1644,	2.2592152199762188
466,	55,	1627,	3.2699167657550534
467,	22,	1660,	1.3079667063020213
468,	82,	1600,	4.875148632580261
469,	21,	1661,	1.2485136741973841
470,	29,	1653,	1.7241379310344827
471,	17,	1665,	1.0107015457788349
472,	146,	1536,	8.680142687277051
473,	18,	1664,	1.070154577883472
474,	189,	1493,	11.236623067776456
475,	12,	1670,	0.713436385255648
476,	48,	1634,	2.853745541022592
477,	26,	1656,	1.5457788347205708
478,	62,	1620,	3.686087990487515
479,	111,	1571,	6.5992865636147435
480,	36,	1646,	2.140309155766944
481,	28,	1654,	1.6646848989298455
482,	16,	1666,	0.9512485136741973
483,	30,	1652,	1.78359096313912
484,	81,	1601,	4.815695600475625
485,	15,	1667,	0.89179548156956
486,	120,	1562,	7.13436385255648
487,	136,	1546,	8.085612366230679
488,	92,	1590,	5.469678953626635
489,	64,	1618,	3.804994054696789
490,	37,	1645,	2.199762187871581
491,	21,	1661,	1.2485136741973841
492,	39,	1643,	2.318668252080856
493,	76,	1606,	4.5184304399524375
494,	26,	1656,	1.5457788347205708
495,	130,	1552,	7.728894173602854
496,	75,	1607,	4.4589774078478
497,	148,	1534,	8.799048751486325
498,	90,	1592,	5.35077288941736
499,	66,	1616,	3.9239001189060643
500,	129,	1553,	7.669441141498217
501,	49,	1633,	2.9131985731272296
502,	25,	1657,	1.4863258026159334
503,	106,	1576,	6.302021403091558
504,	145,	1537,	8.620689655172415
505,	72,	1610,	4.280618311533888
506,	152,	1530,	9.036860879904875
507,	36,	1646,	2.140309155766944
508,	49,	1633,	2.9131985731272296
509,	20,	1662,	1.1890606420927468
510,	17,	1665,	1.0107015457788349
511,	9,	1673,	0.535077288941736
512,	9,	1673,	0.535077288941736
513,	17,	1665,	1.0107015457788349
514,	136,	1546,	8.085612366230679
515,	26,	1656,	1.5457788347205708
516,	13,	1669,	0.7728894173602854
517,	26,	1656,	1.5457788347205708
518,	39,	1643,	2.318668252080856
519,	31,	1651,	1.8430439952437574
520,	12,	1670,	0.713436385255648
521,	105,	1577,	6.24256837098692
522,	22,	1660,	1.3079667063020213
523,	63,	1619,	3.745541022592152
524,	219,	1463,	13.020214030915579
525,	34,	1648,	2.0214030915576697
526,	49,	1633,	2.9131985731272296
527,	89,	1593,	5.291319857312723
528,	35,	1647,	2.080856123662307
529,	32,	1650,	1.9024970273483945
530,	27,	1655,	1.6052318668252081
531,	22,	1660,	1.3079667063020213
532,	172,	1510,	10.225921521997622
533,	158,	1524,	9.3935790725327
534,	52,	1630,	3.0915576694411415
535,	141,	1541,	8.382877526753864
536,	109,	1573,	6.480380499405469
537,	354,	1328,	21.046373365041617
538,	55,	1627,	3.2699167657550534
539,	40,	1642,	2.3781212841854935
540,	49,	1633,	2.9131985731272296
541,	99,	1583,	5.885850178359096
542,	88,	1594,	5.231866825208085
543,	144,	1538,	8.561236623067776
544,	23,	1659,	1.3674197384066586
545,	115,	1567,	6.837098692033294
546,	42,	1640,	2.4970273483947683
547,	15,	1667,	0.89179548156956
548,	115,	1567,	6.837098692033294
549,	19,	1663,	1.1296076099881094
550,	28,	1654,	1.6646848989298455
551,	231,	1451,	13.733650416171225
552,	56,	1626,	3.329369797859691
553,	65,	1617,	3.864447086801427
554,	85,	1597,	5.053507728894173
555,	37,	1645,	2.199762187871581
556,	31,	1651,	1.8430439952437574
557,	41,	1641,	2.4375743162901307
558,	13,	1669,	0.7728894173602854
559,	55,	1627,	3.2699167657550534
560,	72,	1610,	4.280618311533888
561,	265,	1417,	15.755053507728894
562,	59,	1623,	3.507728894173603
563,	23,	1659,	1.3674197384066586
564,	29,	1653,	1.7241379310344827
565,	27,	1655,	1.6052318668252081
566,	108,	1574,	6.4209274673008325
567,	121,	1561,	7.193816884661118
568,	62,	1620,	3.686087990487515
569,	51,	1631,	3.032104637336504
570,	18,	1664,	1.070154577883472
571,	19,	1663,	1.1296076099881094
572,	16,	1666,	0.9512485136741973
573,	35,	1647,	2.080856123662307
574,	38,	1644,	2.2592152199762188
575,	18,	1664,	1.070154577883472
576,	25,	1657,	1.4863258026159334
577,	149,	1533,	8.858501783590963
578,	22,	1660,	1.3079667063020213
579,	56,	1626,	3.329369797859691
580,	37,	1645,	2.199762187871581
581,	25,	1657,	1.4863258026159334
582,	54,	1628,	3.2104637336504163
583,	19,	1663,	1.1296076099881094
584,	22,	1660,	1.3079667063020213
585,	57,	1625,	3.388822829964328
586,	139,	1543,	8.263971462544589
587,	80,	1602,	4.756242568370987
588,	189,	1493,	11.236623067776456
589,	31,	1651,	1.8430439952437574
590,	38,	1644,	2.2592152199762188
591,	68,	1614,	4.0428061831153395
592,	273,	1409,	16.230677764565993
593,	130,	1552,	7.728894173602854
594,	20,	1662,	1.1890606420927468
595,	79,	1603,	4.69678953626635
596,	15,	1667,	0.89179548156956
597,	33,	1649,	1.9619500594530321
598,	23,	1659,	1.3674197384066586
599,	37,	1645,	2.199762187871581
600,	67,	1615,	3.983353151010702
601,	117,	1565,	6.956004756242569
602,	26,	1656,	1.5457788347205708
603,	34,	1648,	2.0214030915576697
604,	22,	1660,	1.3079667063020213
605,	79,	1603,	4.69678953626635
606,	205,	1477,	12.187871581450654
607,	31,	1651,	1.8430439952437574
608,	135,	1547,	8.02615933412604
609,	24,	1658,	1.426872770511296
610,	66,	1616,	3.9239001189060643
611,	39,	1643,	2.318668252080856
612,	21,	1661,	1.2485136741973841
613,	26,	1656,	1.5457788347205708
614,	31,	1651,	1.8430439952437574
615,	88,	1594,	5.231866825208085
616,	38,	1644,	2.2592152199762188
617,	92,	1590,	5.469678953626635
618,	183,	1499,	10.879904875148632
619,	81,	1601,	4.815695600475625
620,	91,	1591,	5.410225921521997
621,	137,	1545,	8.145065398335314
622,	198,	1484,	11.771700356718192
623,	39,	1643,	2.318668252080856
624,	127,	1555,	7.5505350772889415
625,	95,	1587,	5.648038049940547
626,	30,	1652,	1.78359096313912
627,	159,	1523,	9.453032104637336
628,	23,	1659,	1.3674197384066586
629,	115,	1567,	6.837098692033294
630,	95,	1587,	5.648038049940547
631,	17,	1665,	1.0107015457788349
632,	105,	1577,	6.24256837098692
633,	51,	1631,	3.032104637336504
634,	118,	1564,	7.015457788347206
635,	31,	1651,	1.8430439952437574
636,	18,	1664,	1.070154577883472
637,	97,	1585,	5.766944114149822
638,	59,	1623,	3.507728894173603
639,	132,	1550,	7.8478002378121285
640,	100,	1582,	5.945303210463734
641,	40,	1642,	2.3781212841854935
642,	289,	1393,	17.18192627824019
643,	196,	1486,	11.652794292508919
644,	35,	1647,	2.080856123662307
645,	118,	1564,	7.015457788347206
646,	38,	1644,	2.2592152199762188
647,	55,	1627,	3.2699167657550534
648,	285,	1397,	16.94411414982164
649,	23,	1659,	1.3674197384066586
650,	302,	1380,	17.954815695600477
651,	19,	1663,	1.1296076099881094
652,	22,	1660,	1.3079667063020213
653,	275,	1407,	16.34958382877527
654,	141,	1541,	8.382877526753864
655,	669,	1013,	39.77407847800238
656,	24,	1658,	1.426872770511296
657,	29,	1653,	1.7241379310344827
658,	70,	1612,	4.161712247324614
659,	191,	1491,	11.355529131985731
660,	224,	1458,	13.317479191438764
661,	121,	1561,	7.193816884661118
662,	23,	1659,	1.3674197384066586
663,	158,	1524,	9.3935790725327
664,	166,	1516,	9.869203329369798
665,	142,	1540,	8.442330558858501
666,	245,	1437,	14.565992865636149
667,	47,	1635,	2.794292508917955
668,	46,	1636,	2.7348394768133173
669,	100,	1582,	5.945303210463734
670,	46,	1636,	2.7348394768133173
671,	124,	1558,	7.37217598097503
672,	29,	1653,	1.7241379310344827
673,	35,	1647,	2.080856123662307
674,	41,	1641,	2.4375743162901307
675,	34,	1648,	2.0214030915576697
676,	77,	1605,	4.577883472057074
677,	49,	1633,	2.9131985731272296
678,	28,	1654,	1.6646848989298455
679,	62,	1620,	3.686087990487515
680,	38,	1644,	2.2592152199762188
681,	22,	1660,	1.3079667063020213
682,	399,	1283,	23.7217598097503
683,	75,	1607,	4.4589774078478
684,	86,	1596,	5.112960760998811
685,	20,	1662,	1.1890606420927468
686,	71,	1611,	4.2211652794292505
687,	21,	1661,	1.2485136741973841
688,	24,	1658,	1.426872770511296
689,	36,	1646,	2.140309155766944
690,	115,	1567,	6.837098692033294
691,	32,	1650,	1.9024970273483945
692,	40,	1642,	2.3781212841854935
693,	154,	1528,	9.155766944114148
694,	157,	1525,	9.334126040428062
695,	38,	1644,	2.2592152199762188
696,	29,	1653,	1.7241379310344827
697,	105,	1577,	6.24256837098692
698,	127,	1555,	7.5505350772889415
699,	149,	1533,	8.858501783590963
700,	21,	1661,	1.2485136741973841
701,	33,	1649,	1.9619500594530321
702,	31,	1651,	1.8430439952437574
703,	47,	1635,	2.794292508917955
704,	90,	1592,	5.35077288941736
705,	114,	1568,	6.777645659928656
706,	29,	1653,	1.7241379310344827
707,	236,	1446,	14.030915576694412
708,	105,	1577,	6.24256837098692
709,	138,	1544,	8.204518430439952
710,	86,	1596,	5.112960760998811
711,	221,	1461,	13.13912009512485
712,	162,	1520,	9.63139120095125
713,	30,	1652,	1.78359096313912
714,	44,	1638,	2.6159334126040426
715,	167,	1515,	9.928656361474435
716,	269,	1413,	15.992865636147444
717,	93,	1589,	5.529131985731272
718,	39,	1643,	2.318668252080856
719,	67,	1615,	3.983353151010702
720,	30,	1652,	1.78359096313912
721,	168,	1514,	9.988109393579073
722,	42,	1640,	2.4970273483947683
723,	22,	1660,	1.3079667063020213
724,	85,	1597,	5.053507728894173
725,	25,	1657,	1.4863258026159334
726,	24,	1658,	1.426872770511296
727,	322,	1360,	19.14387633769322
728,	26,	1656,	1.5457788347205708
729,	21,	1661,	1.2485136741973841
730,	38,	1644,	2.2592152199762188
731,	83,	1599,	4.934601664684899
732,	20,	1662,	1.1890606420927468
733,	107,	1575,	6.361474435196195
734,	64,	1618,	3.804994054696789
735,	53,	1629,	3.151010701545779
736,	24,	1658,	1.426872770511296
737,	33,	1649,	1.9619500594530321
738,	148,	1534,	8.799048751486325
739,	35,	1647,	2.080856123662307
740,	20,	1662,	1.1890606420927468
741,	104,	1578,	6.183115338882283
742,	26,	1656,	1.5457788347205708
743,	35,	1647,	2.080856123662307
744,	27,	1655,	1.6052318668252081
745,	60,	1622,	3.56718192627824
746,	67,	1615,	3.983353151010702
747,	293,	1389,	17.419738406658738
748,	108,	1574,	6.4209274673008325
749,	305,	1377,	18.13317479191439
750,	33,	1649,	1.9619500594530321
751,	168,	1514,	9.988109393579073
752,	73,	1609,	4.340071343638526
753,	57,	1625,	3.388822829964328
754,	34,	1648,	2.0214030915576697
755,	38,	1644,	2.2592152199762188
756,	109,	1573,	6.480380499405469
757,	166,	1516,	9.869203329369798
758,	357,	1325,	21.22473246135553
759,	32,	1650,	1.9024970273483945
760,	41,	1641,	2.4375743162901307
761,	66,	1616,	3.9239001189060643
762,	21,	1661,	1.2485136741973841
763,	129,	1553,	7.669441141498217
764,	109,	1573,	6.480380499405469
765,	23,	1659,	1.3674197384066586
766,	175,	1507,	10.404280618311535
767,	37,	1645,	2.199762187871581
768,	64,	1618,	3.804994054696789
769,	29,	1653,	1.7241379310344827
770,	64,	1618,	3.804994054696789
771,	70,	1612,	4.161712247324614
772,	33,	1649,	1.9619500594530321
773,	161,	1521,	9.57193816884661
774,	224,	1458,	13.317479191438764
775,	28,	1654,	1.6646848989298455
776,	105,	1577,	6.24256837098692
777,	36,	1646,	2.140309155766944
778,	65,	1617,	3.864447086801427
779,	37,	1645,	2.199762187871581
780,	55,	1627,	3.2699167657550534
781,	42,	1640,	2.4970273483947683
782,	232,	1450,	13.793103448275861
783,	30,	1652,	1.78359096313912
784,	39,	1643,	2.318668252080856
785,	27,	1655,	1.6052318668252081
786,	117,	1565,	6.956004756242569
787,	57,	1625,	3.388822829964328
788,	249,	1433,	14.803804994054698
789,	33,	1649,	1.9619500594530321
790,	231,	1451,	13.733650416171225
791,	25,	1657,	1.4863258026159334
792,	47,	1635,	2.794292508917955
793,	55,	1627,	3.2699167657550534
794,	39,	1643,	2.318668252080856
795,	159,	1523,	9.453032104637336
796,	358,	1324,	21.284185493460168
797,	26,	1656,	1.5457788347205708
798,	239,	1443,	14.209274673008323
799,	24,	1658,	1.426872770511296
800,	28,	1654,	1.6646848989298455
801,	26,	1656,	1.5457788347205708
802,	75,	1607,	4.4589774078478
803,	33,	1649,	1.9619500594530321
804,	332,	1350,	19.738406658739596
805,	273,	1409,	16.230677764565993
806,	140,	1542,	8.323424494649228
807,	204,	1478,	12.128418549346016
808,	23,	1659,	1.3674197384066586
809,	20,	1662,	1.1890606420927468
810,	26,	1656,	1.5457788347205708
811,	21,	1661,	1.2485136741973841
812,	20,	1662,	1.1890606420927468
813,	29,	1653,	1.7241379310344827
814,	35,	1647,	2.080856123662307
815,	183,	1499,	10.879904875148632
816,	25,	1657,	1.4863258026159334
817,	36,	1646,	2.140309155766944
818,	21,	1661,	1.2485136741973841
819,	28,	1654,	1.6646848989298455
820,	21,	1661,	1.2485136741973841
821,	62,	1620,	3.686087990487515
822,	25,	1657,	1.4863258026159334
823,	185,	1497,	10.998810939357908
824,	20,	1662,	1.1890606420927468
825,	145,	1537,	8.620689655172415
826,	115,	1567,	6.837098692033294
827,	28,	1654,	1.6646848989298455
828,	104,	1578,	6.183115338882283
829,	64,	1618,	3.804994054696789
830,	106,	1576,	6.302021403091558
831,	73,	1609,	4.340071343638526
832,	25,	1657,	1.4863258026159334
833,	267,	1415,	15.873959571938167
834,	54,	1628,	3.2104637336504163
835,	102,	1580,	6.064209274673008
836,	50,	1632,	2.972651605231867
837,	46,	1636,	2.7348394768133173
838,	93,	1589,	5.529131985731272
839,	57,	1625,	3.388822829964328
840,	197,	1485,	11.712247324613555
841,	31,	1651,	1.8430439952437574
842,	27,	1655,	1.6052318668252081
843,	204,	1478,	12.128418549346016
844,	81,	1601,	4.815695600475625
845,	31,	1651,	1.8430439952437574
846,	405,	1277,	24.07847800237812
847,	146,	1536,	8.680142687277051
848,	150,	1532,	8.9179548156956
849,	23,	1659,	1.3674197384066586
850,	51,	1631,	3.032104637336504
851,	209,	1473,	12.425683709869203
852,	49,	1633,	2.9131985731272296
853,	41,	1641,	2.4375743162901307
854,	217,	1465,	12.901307966706302
855,	23,	1659,	1.3674197384066586
856,	26,	1656,	1.5457788347205708
857,	22,	1660,	1.3079667063020213
858,	21,	1661,	1.2485136741973841
859,	39,	1643,	2.318668252080856
860,	71,	1611,	4.2211652794292505
861,	43,	1639,	2.5564803804994054
862,	165,	1517,	9.80975029726516
863,	107,	1575,	6.361474435196195
864,	294,	1388,	17.47919143876338
865,	66,	1616,	3.9239001189060643
866,	20,	1662,	1.1890606420927468
867,	95,	1587,	5.648038049940547
868,	208,	1474,	12.366230677764566
869,	47,	1635,	2.794292508917955
870,	269,	1413,	15.992865636147444
871,	115,	1567,	6.837098692033294
872,	71,	1611,	4.2211652794292505
873,	20,	1662,	1.1890606420927468
874,	34,	1648,	2.0214030915576697
875,	89,	1593,	5.291319857312723
876,	21,	1661,	1.2485136741973841
877,	81,	1601,	4.815695600475625
878,	134,	1548,	7.966706302021404
879,	29,	1653,	1.7241379310344827
880,	368,	1314,	21.87871581450654
881,	259,	1423,	15.39833531510107
882,	137,	1545,	8.145065398335314
883,	268,	1414,	15.933412604042807
884,	43,	1639,	2.5564803804994054
885,	102,	1580,	6.064209274673008
886,	240,	1442,	14.26872770511296
887,	171,	1511,	10.166468489892983
888,	20,	1662,	1.1890606420927468
889,	326,	1356,	19.381688466111772
890,	119,	1563,	7.074910820451843
891,	47,	1635,	2.794292508917955
892,	226,	1456,	13.436385255648037
893,	59,	1623,	3.507728894173603
894,	245,	1437,	14.565992865636149
895,	20,	1662,	1.1890606420927468
896,	362,	1320,	21.521997621878715
897,	185,	1497,	10.998810939357908
898,	30,	1652,	1.78359096313912
899,	135,	1547,	8.02615933412604
900,	45,	1637,	2.67538644470868
901,	124,	1558,	7.37217598097503
902,	49,	1633,	2.9131985731272296
903,	136,	1546,	8.085612366230679
904,	47,	1635,	2.794292508917955
905,	40,	1642,	2.3781212841854935
906,	41,	1641,	2.4375743162901307
907,	147,	1535,	8.73959571938169
908,	74,	1608,	4.399524375743162
909,	26,	1656,	1.5457788347205708
910,	60,	1622,	3.56718192627824
911,	98,	1584,	5.826397146254459
912,	53,	1629,	3.151010701545779
913,	132,	1550,	7.8478002378121285
914,	23,	1659,	1.3674197384066586
915,	26,	1656,	1.5457788347205708
916,	317,	1365,	18.846611177170036
917,	35,	1647,	2.080856123662307
918,	103,	1579,	6.1236623067776454
919,	217,	1465,	12.901307966706302
920,	26,	1656,	1.5457788347205708
921,	110,	1572,	6.539833531510107
922,	127,	1555,	7.5505350772889415
923,	74,	1608,	4.399524375743162
924,	82,	1600,	4.875148632580261
925,	32,	1650,	1.9024970273483945
926,	20,	1662,	1.1890606420927468
927,	120,	1562,	7.13436385255648
928,	32,	1650,	1.9024970273483945
929,	49,	1633,	2.9131985731272296
930,	63,	1619,	3.745541022592152
931,	61,	1621,	3.626634958382877
932,	241,	1441,	14.328180737217597
933,	184,	1498,	10.93935790725327
934,	174,	1508,	10.344827586206897
935,	39,	1643,	2.318668252080856
936,	142,	1540,	8.442330558858501
937,	40,	1642,	2.3781212841854935
938,	108,	1574,	6.4209274673008325
939,	49,	1633,	2.9131985731272296
940,	107,	1575,	6.361474435196195
941,	22,	1660,	1.3079667063020213
942,	79,	1603,	4.69678953626635
943,	168,	1514,	9.988109393579073
944,	0,	1682,	0.0
945,	0,	1682,	0.0
946,	0,	1682,	0.0
947,	0,	1682,	0.0
948,	0,	1682,	0.0
949,	0,	1682,	0.0
950,	0,	1682,	0.0
951,	0,	1682,	0.0
952,	0,	1682,	0.0
953,	0,	1682,	0.0
954,	0,	1682,	0.0
955,	0,	1682,	0.0
956,	0,	1682,	0.0
957,	0,	1682,	0.0
958,	0,	1682,	0.0
959,	0,	1682,	0.0
960,	0,	1682,	0.0
961,	0,	1682,	0.0
962,	0,	1682,	0.0
963,	0,	1682,	0.0
964,	0,	1682,	0.0
965,	0,	1682,	0.0
966,	0,	1682,	0.0
967,	0,	1682,	0.0
968,	0,	1682,	0.0
969,	0,	1682,	0.0
970,	0,	1682,	0.0
971,	0,	1682,	0.0
972,	0,	1682,	0.0
973,	0,	1682,	0.0
974,	0,	1682,	0.0
975,	0,	1682,	0.0
976,	0,	1682,	0.0
977,	0,	1682,	0.0
978,	0,	1682,	0.0
979,	0,	1682,	0.0
980,	0,	1682,	0.0
981,	0,	1682,	0.0
982,	0,	1682,	0.0
983,	0,	1682,	0.0
984,	0,	1682,	0.0
985,	0,	1682,	0.0
986,	0,	1682,	0.0
987,	0,	1682,	0.0
988,	0,	1682,	0.0
989,	0,	1682,	0.0
990,	0,	1682,	0.0
991,	0,	1682,	0.0
992,	0,	1682,	0.0
993,	0,	1682,	0.0
994,	0,	1682,	0.0
995,	0,	1682,	0.0
996,	0,	1682,	0.0
997,	0,	1682,	0.0
998,	0,	1682,	0.0
999,	0,	1682,	0.0
1000,	0,	1682,	0.0
1001,	0,	1682,	0.0
1002,	0,	1682,	0.0
1003,	0,	1682,	0.0
1004,	0,	1682,	0.0
1005,	0,	1682,	0.0
1006,	0,	1682,	0.0
1007,	0,	1682,	0.0
1008,	0,	1682,	0.0
1009,	0,	1682,	0.0
1010,	0,	1682,	0.0
1011,	0,	1682,	0.0
1012,	0,	1682,	0.0
1013,	0,	1682,	0.0
1014,	0,	1682,	0.0
1015,	0,	1682,	0.0
1016,	0,	1682,	0.0
1017,	0,	1682,	0.0
1018,	0,	1682,	0.0
1019,	0,	1682,	0.0
1020,	0,	1682,	0.0
1021,	0,	1682,	0.0
1022,	0,	1682,	0.0
1023,	0,	1682,	0.0
1024,	0,	1682,	0.0
1025,	0,	1682,	0.0
1026,	0,	1682,	0.0
1027,	0,	1682,	0.0
1028,	0,	1682,	0.0
1029,	0,	1682,	0.0
1030,	0,	1682,	0.0
1031,	0,	1682,	0.0
1032,	0,	1682,	0.0
1033,	0,	1682,	0.0
1034,	0,	1682,	0.0
1035,	0,	1682,	0.0
1036,	0,	1682,	0.0
1037,	0,	1682,	0.0
1038,	0,	1682,	0.0
1039,	0,	1682,	0.0
1040,	0,	1682,	0.0
1041,	0,	1682,	0.0
1042,	0,	1682,	0.0
1043,	0,	1682,	0.0
1044,	0,	1682,	0.0
1045,	0,	1682,	0.0
1046,	0,	1682,	0.0
1047,	0,	1682,	0.0
1048,	0,	1682,	0.0
1049,	0,	1682,	0.0
1050,	0,	1682,	0.0
1051,	0,	1682,	0.0
1052,	0,	1682,	0.0
1053,	0,	1682,	0.0
1054,	0,	1682,	0.0
1055,	0,	1682,	0.0
1056,	0,	1682,	0.0
1057,	0,	1682,	0.0
1058,	0,	1682,	0.0
1059,	0,	1682,	0.0
1060,	0,	1682,	0.0
1061,	0,	1682,	0.0
1062,	0,	1682,	0.0
1063,	0,	1682,	0.0
1064,	0,	1682,	0.0
1065,	0,	1682,	0.0
1066,	0,	1682,	0.0
1067,	0,	1682,	0.0
1068,	0,	1682,	0.0
1069,	0,	1682,	0.0
1070,	0,	1682,	0.0
1071,	0,	1682,	0.0
1072,	0,	1682,	0.0
1073,	0,	1682,	0.0
1074,	0,	1682,	0.0
1075,	0,	1682,	0.0
1076,	0,	1682,	0.0
1077,	0,	1682,	0.0
1078,	0,	1682,	0.0
1079,	0,	1682,	0.0
1080,	0,	1682,	0.0
1081,	0,	1682,	0.0
1082,	0,	1682,	0.0
1083,	0,	1682,	0.0
1084,	0,	1682,	0.0
1085,	0,	1682,	0.0
1086,	0,	1682,	0.0
1087,	0,	1682,	0.0
1088,	0,	1682,	0.0
1089,	0,	1682,	0.0
1090,	0,	1682,	0.0
1091,	0,	1682,	0.0
1092,	0,	1682,	0.0
1093,	0,	1682,	0.0
1094,	0,	1682,	0.0
1095,	0,	1682,	0.0
1096,	0,	1682,	0.0
1097,	0,	1682,	0.0
1098,	0,	1682,	0.0
1099,	0,	1682,	0.0
1100,	0,	1682,	0.0
1101,	0,	1682,	0.0
1102,	0,	1682,	0.0
1103,	0,	1682,	0.0
1104,	0,	1682,	0.0
1105,	0,	1682,	0.0
1106,	0,	1682,	0.0
1107,	0,	1682,	0.0
1108,	0,	1682,	0.0
1109,	0,	1682,	0.0
1110,	0,	1682,	0.0
1111,	0,	1682,	0.0
1112,	0,	1682,	0.0
1113,	0,	1682,	0.0
1114,	0,	1682,	0.0
1115,	0,	1682,	0.0
1116,	0,	1682,	0.0
1117,	0,	1682,	0.0
1118,	0,	1682,	0.0
1119,	0,	1682,	0.0
1120,	0,	1682,	0.0
1121,	0,	1682,	0.0
1122,	0,	1682,	0.0
1123,	0,	1682,	0.0
1124,	0,	1682,	0.0
1125,	0,	1682,	0.0
1126,	0,	1682,	0.0
1127,	0,	1682,	0.0
1128,	0,	1682,	0.0
1129,	0,	1682,	0.0
1130,	0,	1682,	0.0
1131,	0,	1682,	0.0
1132,	0,	1682,	0.0
1133,	0,	1682,	0.0
1134,	0,	1682,	0.0
1135,	0,	1682,	0.0
1136,	0,	1682,	0.0
1137,	0,	1682,	0.0
1138,	0,	1682,	0.0
1139,	0,	1682,	0.0
1140,	0,	1682,	0.0
1141,	0,	1682,	0.0
1142,	0,	1682,	0.0
1143,	0,	1682,	0.0
1144,	0,	1682,	0.0
1145,	0,	1682,	0.0
1146,	0,	1682,	0.0
1147,	0,	1682,	0.0
1148,	0,	1682,	0.0
1149,	0,	1682,	0.0
1150,	0,	1682,	0.0
1151,	0,	1682,	0.0
1152,	0,	1682,	0.0
1153,	0,	1682,	0.0
1154,	0,	1682,	0.0
1155,	0,	1682,	0.0
1156,	0,	1682,	0.0
1157,	0,	1682,	0.0
1158,	0,	1682,	0.0
1159,	0,	1682,	0.0
1160,	0,	1682,	0.0
1161,	0,	1682,	0.0
1162,	0,	1682,	0.0
1163,	0,	1682,	0.0
1164,	0,	1682,	0.0
1165,	0,	1682,	0.0
1166,	0,	1682,	0.0
1167,	0,	1682,	0.0
1168,	0,	1682,	0.0
1169,	0,	1682,	0.0
1170,	0,	1682,	0.0
1171,	0,	1682,	0.0
1172,	0,	1682,	0.0
1173,	0,	1682,	0.0
1174,	0,	1682,	0.0
1175,	0,	1682,	0.0
1176,	0,	1682,	0.0
1177,	0,	1682,	0.0
1178,	0,	1682,	0.0
1179,	0,	1682,	0.0
1180,	0,	1682,	0.0
1181,	0,	1682,	0.0
1182,	0,	1682,	0.0
1183,	0,	1682,	0.0
1184,	0,	1682,	0.0
1185,	0,	1682,	0.0
1186,	0,	1682,	0.0
1187,	0,	1682,	0.0
1188,	0,	1682,	0.0
1189,	0,	1682,	0.0
1190,	0,	1682,	0.0
1191,	0,	1682,	0.0
1192,	0,	1682,	0.0
1193,	0,	1682,	0.0
1194,	0,	1682,	0.0
1195,	0,	1682,	0.0
1196,	0,	1682,	0.0
1197,	0,	1682,	0.0
1198,	0,	1682,	0.0
1199,	0,	1682,	0.0
1200,	0,	1682,	0.0
1201,	0,	1682,	0.0
1202,	0,	1682,	0.0
1203,	0,	1682,	0.0
1204,	0,	1682,	0.0
1205,	0,	1682,	0.0
1206,	0,	1682,	0.0
1207,	0,	1682,	0.0
1208,	0,	1682,	0.0
1209,	0,	1682,	0.0
1210,	0,	1682,	0.0
1211,	0,	1682,	0.0
1212,	0,	1682,	0.0
1213,	0,	1682,	0.0
1214,	0,	1682,	0.0
1215,	0,	1682,	0.0
1216,	0,	1682,	0.0
1217,	0,	1682,	0.0
1218,	0,	1682,	0.0
1219,	0,	1682,	0.0
1220,	0,	1682,	0.0
1221,	0,	1682,	0.0
1222,	0,	1682,	0.0
1223,	0,	1682,	0.0
1224,	0,	1682,	0.0
1225,	0,	1682,	0.0
1226,	0,	1682,	0.0
1227,	0,	1682,	0.0
1228,	0,	1682,	0.0
1229,	0,	1682,	0.0
1230,	0,	1682,	0.0
1231,	0,	1682,	0.0
1232,	0,	1682,	0.0
1233,	0,	1682,	0.0
1234,	0,	1682,	0.0
1235,	0,	1682,	0.0
1236,	0,	1682,	0.0
1237,	0,	1682,	0.0
1238,	0,	1682,	0.0
1239,	0,	1682,	0.0
1240,	0,	1682,	0.0
1241,	0,	1682,	0.0
1242,	0,	1682,	0.0
1243,	0,	1682,	0.0
1244,	0,	1682,	0.0
1245,	0,	1682,	0.0
1246,	0,	1682,	0.0
1247,	0,	1682,	0.0
1248,	0,	1682,	0.0
1249,	0,	1682,	0.0
1250,	0,	1682,	0.0
1251,	0,	1682,	0.0
1252,	0,	1682,	0.0
1253,	0,	1682,	0.0
1254,	0,	1682,	0.0
1255,	0,	1682,	0.0
1256,	0,	1682,	0.0
1257,	0,	1682,	0.0
1258,	0,	1682,	0.0
1259,	0,	1682,	0.0
1260,	0,	1682,	0.0
1261,	0,	1682,	0.0
1262,	0,	1682,	0.0
1263,	0,	1682,	0.0
1264,	0,	1682,	0.0
1265,	0,	1682,	0.0
1266,	0,	1682,	0.0
1267,	0,	1682,	0.0
1268,	0,	1682,	0.0
1269,	0,	1682,	0.0
1270,	0,	1682,	0.0
1271,	0,	1682,	0.0
1272,	0,	1682,	0.0
1273,	0,	1682,	0.0
1274,	0,	1682,	0.0
1275,	0,	1682,	0.0
1276,	0,	1682,	0.0
1277,	0,	1682,	0.0
1278,	0,	1682,	0.0
1279,	0,	1682,	0.0
1280,	0,	1682,	0.0
1281,	0,	1682,	0.0
1282,	0,	1682,	0.0
1283,	0,	1682,	0.0
1284,	0,	1682,	0.0
1285,	0,	1682,	0.0
1286,	0,	1682,	0.0
1287,	0,	1682,	0.0
1288,	0,	1682,	0.0
1289,	0,	1682,	0.0
1290,	0,	1682,	0.0
1291,	0,	1682,	0.0
1292,	0,	1682,	0.0
1293,	0,	1682,	0.0
1294,	0,	1682,	0.0
1295,	0,	1682,	0.0
1296,	0,	1682,	0.0
1297,	0,	1682,	0.0
1298,	0,	1682,	0.0
1299,	0,	1682,	0.0
1300,	0,	1682,	0.0
1301,	0,	1682,	0.0
1302,	0,	1682,	0.0
1303,	0,	1682,	0.0
1304,	0,	1682,	0.0
1305,	0,	1682,	0.0
1306,	0,	1682,	0.0
1307,	0,	1682,	0.0
1308,	0,	1682,	0.0
1309,	0,	1682,	0.0
1310,	0,	1682,	0.0
1311,	0,	1682,	0.0
1312,	0,	1682,	0.0
1313,	0,	1682,	0.0
1314,	0,	1682,	0.0
1315,	0,	1682,	0.0
1316,	0,	1682,	0.0
1317,	0,	1682,	0.0
1318,	0,	1682,	0.0
1319,	0,	1682,	0.0
1320,	0,	1682,	0.0
1321,	0,	1682,	0.0
1322,	0,	1682,	0.0
1323,	0,	1682,	0.0
1324,	0,	1682,	0.0
1325,	0,	1682,	0.0
1326,	0,	1682,	0.0
1327,	0,	1682,	0.0
1328,	0,	1682,	0.0
1329,	0,	1682,	0.0
1330,	0,	1682,	0.0
1331,	0,	1682,	0.0
1332,	0,	1682,	0.0
1333,	0,	1682,	0.0
1334,	0,	1682,	0.0
1335,	0,	1682,	0.0
1336,	0,	1682,	0.0
1337,	0,	1682,	0.0
1338,	0,	1682,	0.0
1339,	0,	1682,	0.0
1340,	0,	1682,	0.0
1341,	0,	1682,	0.0
1342,	0,	1682,	0.0
1343,	0,	1682,	0.0
1344,	0,	1682,	0.0
1345,	0,	1682,	0.0
1346,	0,	1682,	0.0
1347,	0,	1682,	0.0
1348,	0,	1682,	0.0
1349,	0,	1682,	0.0
1350,	0,	1682,	0.0
1351,	0,	1682,	0.0
1352,	0,	1682,	0.0
1353,	0,	1682,	0.0
1354,	0,	1682,	0.0
1355,	0,	1682,	0.0
1356,	0,	1682,	0.0
1357,	0,	1682,	0.0
1358,	0,	1682,	0.0
1359,	0,	1682,	0.0
1360,	0,	1682,	0.0
1361,	0,	1682,	0.0
1362,	0,	1682,	0.0
1363,	0,	1682,	0.0
1364,	0,	1682,	0.0
1365,	0,	1682,	0.0
1366,	0,	1682,	0.0
1367,	0,	1682,	0.0
1368,	0,	1682,	0.0
1369,	0,	1682,	0.0
1370,	0,	1682,	0.0
1371,	0,	1682,	0.0
1372,	0,	1682,	0.0
1373,	0,	1682,	0.0
1374,	0,	1682,	0.0
1375,	0,	1682,	0.0
1376,	0,	1682,	0.0
1377,	0,	1682,	0.0
1378,	0,	1682,	0.0
1379,	0,	1682,	0.0
1380,	0,	1682,	0.0
1381,	0,	1682,	0.0
1382,	0,	1682,	0.0
1383,	0,	1682,	0.0
1384,	0,	1682,	0.0
1385,	0,	1682,	0.0
1386,	0,	1682,	0.0
1387,	0,	1682,	0.0
1388,	0,	1682,	0.0
1389,	0,	1682,	0.0
1390,	0,	1682,	0.0
1391,	0,	1682,	0.0
1392,	0,	1682,	0.0
1393,	0,	1682,	0.0
1394,	0,	1682,	0.0
1395,	0,	1682,	0.0
1396,	0,	1682,	0.0
1397,	0,	1682,	0.0
1398,	0,	1682,	0.0
1399,	0,	1682,	0.0
1400,	0,	1682,	0.0
1401,	0,	1682,	0.0
1402,	0,	1682,	0.0
1403,	0,	1682,	0.0
1404,	0,	1682,	0.0
1405,	0,	1682,	0.0
1406,	0,	1682,	0.0
1407,	0,	1682,	0.0
1408,	0,	1682,	0.0
1409,	0,	1682,	0.0
1410,	0,	1682,	0.0
1411,	0,	1682,	0.0
1412,	0,	1682,	0.0
1413,	0,	1682,	0.0
1414,	0,	1682,	0.0
1415,	0,	1682,	0.0
1416,	0,	1682,	0.0
1417,	0,	1682,	0.0
1418,	0,	1682,	0.0
1419,	0,	1682,	0.0
1420,	0,	1682,	0.0
1421,	0,	1682,	0.0
1422,	0,	1682,	0.0
1423,	0,	1682,	0.0
1424,	0,	1682,	0.0
1425,	0,	1682,	0.0
1426,	0,	1682,	0.0
1427,	0,	1682,	0.0
1428,	0,	1682,	0.0
1429,	0,	1682,	0.0
1430,	0,	1682,	0.0
1431,	0,	1682,	0.0
1432,	0,	1682,	0.0
1433,	0,	1682,	0.0
1434,	0,	1682,	0.0
1435,	0,	1682,	0.0
1436,	0,	1682,	0.0
1437,	0,	1682,	0.0
1438,	0,	1682,	0.0
1439,	0,	1682,	0.0
1440,	0,	1682,	0.0
1441,	0,	1682,	0.0
1442,	0,	1682,	0.0
1443,	0,	1682,	0.0
1444,	0,	1682,	0.0
1445,	0,	1682,	0.0
1446,	0,	1682,	0.0
1447,	0,	1682,	0.0
1448,	0,	1682,	0.0
1449,	0,	1682,	0.0
1450,	0,	1682,	0.0
1451,	0,	1682,	0.0
1452,	0,	1682,	0.0
1453,	0,	1682,	0.0
1454,	0,	1682,	0.0
1455,	0,	1682,	0.0
1456,	0,	1682,	0.0
1457,	0,	1682,	0.0
1458,	0,	1682,	0.0
1459,	0,	1682,	0.0
1460,	0,	1682,	0.0
1461,	0,	1682,	0.0
1462,	0,	1682,	0.0
1463,	0,	1682,	0.0
1464,	0,	1682,	0.0
1465,	0,	1682,	0.0
1466,	0,	1682,	0.0
1467,	0,	1682,	0.0
1468,	0,	1682,	0.0
1469,	0,	1682,	0.0
1470,	0,	1682,	0.0
1471,	0,	1682,	0.0
1472,	0,	1682,	0.0
1473,	0,	1682,	0.0
1474,	0,	1682,	0.0
1475,	0,	1682,	0.0
1476,	0,	1682,	0.0
1477,	0,	1682,	0.0
1478,	0,	1682,	0.0
1479,	0,	1682,	0.0
1480,	0,	1682,	0.0
1481,	0,	1682,	0.0
1482,	0,	1682,	0.0
1483,	0,	1682,	0.0
1484,	0,	1682,	0.0
1485,	0,	1682,	0.0
1486,	0,	1682,	0.0
1487,	0,	1682,	0.0
1488,	0,	1682,	0.0
1489,	0,	1682,	0.0
1490,	0,	1682,	0.0
1491,	0,	1682,	0.0
1492,	0,	1682,	0.0
1493,	0,	1682,	0.0
1494,	0,	1682,	0.0
1495,	0,	1682,	0.0
1496,	0,	1682,	0.0
1497,	0,	1682,	0.0
1498,	0,	1682,	0.0
1499,	0,	1682,	0.0
1500,	0,	1682,	0.0
1501,	0,	1682,	0.0
1502,	0,	1682,	0.0
1503,	0,	1682,	0.0
1504,	0,	1682,	0.0
1505,	0,	1682,	0.0
1506,	0,	1682,	0.0
1507,	0,	1682,	0.0
1508,	0,	1682,	0.0
1509,	0,	1682,	0.0
1510,	0,	1682,	0.0
1511,	0,	1682,	0.0
1512,	0,	1682,	0.0
1513,	0,	1682,	0.0
1514,	0,	1682,	0.0
1515,	0,	1682,	0.0
1516,	0,	1682,	0.0
1517,	0,	1682,	0.0
1518,	0,	1682,	0.0
1519,	0,	1682,	0.0
1520,	0,	1682,	0.0
1521,	0,	1682,	0.0
1522,	0,	1682,	0.0
1523,	0,	1682,	0.0
1524,	0,	1682,	0.0
1525,	0,	1682,	0.0
1526,	0,	1682,	0.0
1527,	0,	1682,	0.0
1528,	0,	1682,	0.0
1529,	0,	1682,	0.0
1530,	0,	1682,	0.0
1531,	0,	1682,	0.0
1532,	0,	1682,	0.0
1533,	0,	1682,	0.0
1534,	0,	1682,	0.0
1535,	0,	1682,	0.0
1536,	0,	1682,	0.0
1537,	0,	1682,	0.0
1538,	0,	1682,	0.0
1539,	0,	1682,	0.0
1540,	0,	1682,	0.0
1541,	0,	1682,	0.0
1542,	0,	1682,	0.0
1543,	0,	1682,	0.0
1544,	0,	1682,	0.0
1545,	0,	1682,	0.0
1546,	0,	1682,	0.0
1547,	0,	1682,	0.0
1548,	0,	1682,	0.0
1549,	0,	1682,	0.0
1550,	0,	1682,	0.0
1551,	0,	1682,	0.0
1552,	0,	1682,	0.0
1553,	0,	1682,	0.0
1554,	0,	1682,	0.0
1555,	0,	1682,	0.0
1556,	0,	1682,	0.0
1557,	0,	1682,	0.0
1558,	0,	1682,	0.0
1559,	0,	1682,	0.0
1560,	0,	1682,	0.0
1561,	0,	1682,	0.0
1562,	0,	1682,	0.0
1563,	0,	1682,	0.0
1564,	0,	1682,	0.0
1565,	0,	1682,	0.0
1566,	0,	1682,	0.0
1567,	0,	1682,	0.0
1568,	0,	1682,	0.0
1569,	0,	1682,	0.0
1570,	0,	1682,	0.0
1571,	0,	1682,	0.0
1572,	0,	1682,	0.0
1573,	0,	1682,	0.0
1574,	0,	1682,	0.0
1575,	0,	1682,	0.0
1576,	0,	1682,	0.0
1577,	0,	1682,	0.0
1578,	0,	1682,	0.0
1579,	0,	1682,	0.0
1580,	0,	1682,	0.0
1581,	0,	1682,	0.0
1582,	0,	1682,	0.0
1583,	0,	1682,	0.0
1584,	0,	1682,	0.0
1585,	0,	1682,	0.0
1586,	0,	1682,	0.0
1587,	0,	1682,	0.0
1588,	0,	1682,	0.0
1589,	0,	1682,	0.0
1590,	0,	1682,	0.0
1591,	0,	1682,	0.0
1592,	0,	1682,	0.0
1593,	0,	1682,	0.0
1594,	0,	1682,	0.0
1595,	0,	1682,	0.0
1596,	0,	1682,	0.0
1597,	0,	1682,	0.0
1598,	0,	1682,	0.0
1599,	0,	1682,	0.0
1600,	0,	1682,	0.0
1601,	0,	1682,	0.0
1602,	0,	1682,	0.0
1603,	0,	1682,	0.0
1604,	0,	1682,	0.0
1605,	0,	1682,	0.0
1606,	0,	1682,	0.0
1607,	0,	1682,	0.0
1608,	0,	1682,	0.0
1609,	0,	1682,	0.0
1610,	0,	1682,	0.0
1611,	0,	1682,	0.0
1612,	0,	1682,	0.0
1613,	0,	1682,	0.0
1614,	0,	1682,	0.0
1615,	0,	1682,	0.0
1616,	0,	1682,	0.0
1617,	0,	1682,	0.0
1618,	0,	1682,	0.0
1619,	0,	1682,	0.0
1620,	0,	1682,	0.0
1621,	0,	1682,	0.0
1622,	0,	1682,	0.0
1623,	0,	1682,	0.0
1624,	0,	1682,	0.0
1625,	0,	1682,	0.0
1626,	0,	1682,	0.0
1627,	0,	1682,	0.0
1628,	0,	1682,	0.0
1629,	0,	1682,	0.0
1630,	0,	1682,	0.0
1631,	0,	1682,	0.0
1632,	0,	1682,	0.0
1633,	0,	1682,	0.0
1634,	0,	1682,	0.0
1635,	0,	1682,	0.0
1636,	0,	1682,	0.0
1637,	0,	1682,	0.0
1638,	0,	1682,	0.0
1639,	0,	1682,	0.0
1640,	0,	1682,	0.0
1641,	0,	1682,	0.0
1642,	0,	1682,	0.0
1643,	0,	1682,	0.0
1644,	0,	1682,	0.0
1645,	0,	1682,	0.0
1646,	0,	1682,	0.0
1647,	0,	1682,	0.0
1648,	0,	1682,	0.0
1649,	0,	1682,	0.0
1650,	0,	1682,	0.0
1651,	0,	1682,	0.0
1652,	0,	1682,	0.0
1653,	0,	1682,	0.0
1654,	0,	1682,	0.0
1655,	0,	1682,	0.0
1656,	0,	1682,	0.0
1657,	0,	1682,	0.0
1658,	0,	1682,	0.0
1659,	0,	1682,	0.0
1660,	0,	1682,	0.0
1661,	0,	1682,	0.0
1662,	0,	1682,	0.0
1663,	0,	1682,	0.0
1664,	0,	1682,	0.0
1665,	0,	1682,	0.0
1666,	0,	1682,	0.0
1667,	0,	1682,	0.0
1668,	0,	1682,	0.0
1669,	0,	1682,	0.0
1670,	0,	1682,	0.0
1671,	0,	1682,	0.0
1672,	0,	1682,	0.0
1673,	0,	1682,	0.0
1674,	0,	1682,	0.0
1675,	0,	1682,	0.0
1676,	0,	1682,	0.0
1677,	0,	1682,	0.0
1678,	0,	1682,	0.0
1679,	0,	1682,	0.0
1680,	0,	1682,	0.0
1681,	0,	1682,	0.0
